,Country Name,Country Code,Indicator Name,Indicator Code,1999,2000,2001,2002,2003,2004,2005,2006,2007,2008,2009,2010,2011,2012,2013,2014,2015,2016,2017,2018
30090,Algeria,DZA,"Female share of graduates in Information and Communication Technologies programmes, tertiary (%)",UIS.FGP.5T8.F600,,45.45455,,,67.85714,,,,45.52284,,47.20217,48.80532,47.97473,,,,51.76786,54.27659,46.48218,48.93372
30714,American Samoa,ASM,"Female share of graduates in Information and Communication Technologies programmes, tertiary (%)",UIS.FGP.5T8.F600,,45.45455,,,67.85714,,,,45.52284,,47.20217,48.80532,47.97473,,,,51.76786,54.27659,46.48218,48.93372
31338,Andorra,AND,"Female share of graduates in Information and Communication Technologies programmes, tertiary (%)",UIS.FGP.5T8.F600,,45.45455,,30.0,23.529410000000002,11.764710000000001,13.63636,0.0,45.52284,10.0,47.20217,48.80532,47.97473,33.33333,,,51.76786,100.0,100.0,0.0
31962,Angola,AGO,"Female share of graduates in Information and Communication Technologies programmes, tertiary (%)",UIS.FGP.5T8.F600,,45.45455,,100.0,23.529410000000002,11.764710000000001,13.63636,0.0,45.52284,10.0,47.20217,48.80532,47.97473,33.33333,,,37.95987,100.0,100.0,0.0
32586,Antigua and Barbuda,ATG,"Female share of graduates in Information and Communication Technologies programmes, tertiary (%)",UIS.FGP.5T8.F600,,45.45455,,100.0,23.529410000000002,11.764710000000001,13.63636,0.0,45.52284,10.0,34.21053,70.58824,73.33333,33.33333,,,37.95987,100.0,100.0,0.0
33210,Argentina,ARG,"Female share of graduates in Information and Communication Technologies programmes, tertiary (%)",UIS.FGP.5T8.F600,,45.45455,,100.0,23.529410000000002,11.764710000000001,13.63636,42.033190000000005,41.88422,34.59769,37.01054,33.043479999999995,73.33333,33.33333,,,37.95987,100.0,100.0,0.0
33834,Armenia,ARM,"Female share of graduates in Information and Communication Technologies programmes, tertiary (%)",UIS.FGP.5T8.F600,,45.45455,,100.0,23.529410000000002,11.764710000000001,13.63636,42.033190000000005,41.88422,34.59769,37.01054,35.860659999999996,73.33333,33.33333,,,25.14045,28.974359999999997,30.588240000000003,38.47167
34458,Aruba,ABW,"Female share of graduates in Information and Communication Technologies programmes, tertiary (%)",UIS.FGP.5T8.F600,,45.45455,,100.0,23.529410000000002,11.764710000000001,13.63636,42.033190000000005,41.88422,34.59769,37.01054,35.860659999999996,73.33333,33.33333,,,25.14045,28.974359999999997,30.588240000000003,38.47167
35082,Australia,AUS,"Female share of graduates in Information and Communication Technologies programmes, tertiary (%)",UIS.FGP.5T8.F600,26.401970000000002,25.42334,,26.00037,26.10591,11.764710000000001,24.71272,20.47381,20.99815,19.0467,18.75755,35.860659999999996,19.10183,33.33333,19.35603,19.07006,19.149079999999998,28.974359999999997,21.75496,38.47167
35706,Austria,AUT,"Female share of graduates in Information and Communication Technologies programmes, tertiary (%)",UIS.FGP.5T8.F600,26.401970000000002,25.42334,,26.00037,26.10591,11.764710000000001,24.71272,20.47381,20.99815,19.0467,18.75755,35.860659999999996,19.10183,33.33333,13.1535,14.06318,13.6543,14.298829999999999,21.75496,38.47167
36330,Azerbaijan,AZE,"Female share of graduates in Information and Communication Technologies programmes, tertiary (%)",UIS.FGP.5T8.F600,26.401970000000002,25.42334,,26.00037,26.10591,11.764710000000001,24.71272,20.47381,20.99815,39.63731,36.41536,38.356159999999996,37.66667,36.81592,13.1535,14.06318,35.34816,41.11718,46.81107,45.96774
36954,"Bahamas, The",BHS,"Female share of graduates in Information and Communication Technologies programmes, tertiary (%)",UIS.FGP.5T8.F600,26.401970000000002,25.42334,,26.00037,26.10591,11.764710000000001,24.71272,20.47381,20.99815,39.63731,36.41536,38.356159999999996,37.66667,36.81592,13.1535,14.06318,35.34816,41.11718,46.81107,45.96774
37578,Bahrain,BHR,"Female share of graduates in Information and Communication Technologies programmes, tertiary (%)",UIS.FGP.5T8.F600,26.401970000000002,25.42334,,26.00037,69.29134,11.764710000000001,73.88535,57.53425,20.99815,39.63731,36.41536,38.356159999999996,37.66667,36.81592,13.1535,14.06318,48.88889,50.6812,47.76119,47.13805
38202,Bangladesh,BGD,"Female share of graduates in Information and Communication Technologies programmes, tertiary (%)",UIS.FGP.5T8.F600,26.401970000000002,25.42334,,13.57285,15.05065,11.764710000000001,73.88535,57.53425,20.99815,39.63731,36.41536,38.356159999999996,37.66667,36.81592,13.1535,14.06318,48.88889,27.761879999999998,27.761879999999998,27.25023
38826,Barbados,BRB,"Female share of graduates in Information and Communication Technologies programmes, tertiary (%)",UIS.FGP.5T8.F600,26.401970000000002,25.42334,,13.57285,15.05065,11.764710000000001,73.88535,57.53425,20.99815,39.63731,36.41536,38.356159999999996,40.54054,36.81592,13.1535,14.06318,48.88889,27.761879999999998,27.761879999999998,27.25023
39450,Belarus,BLR,"Female share of graduates in Information and Communication Technologies programmes, tertiary (%)",UIS.FGP.5T8.F600,26.401970000000002,25.42334,,13.57285,15.05065,11.764710000000001,73.88535,57.53425,20.99815,39.63731,36.41536,38.356159999999996,40.54054,36.81592,13.1535,14.06318,24.20359,22.20681,23.927889999999998,23.03968
40074,Belgium,BEL,"Female share of graduates in Information and Communication Technologies programmes, tertiary (%)",UIS.FGP.5T8.F600,26.401970000000002,12.00215,14.218820000000001,11.4824,15.05065,11.764710000000001,73.88535,9.30315,20.99815,7.37807,5.645580000000001,8.748669999999999,8.0281,8.05897,6.7976600000000005,7.34463,7.81123,5.63075,9.87884,23.03968
40698,Belize,BLZ,"Female share of graduates in Information and Communication Technologies programmes, tertiary (%)",UIS.FGP.5T8.F600,26.401970000000002,12.00215,14.218820000000001,11.4824,15.05065,11.764710000000001,73.88535,9.30315,20.99815,7.37807,5.645580000000001,8.748669999999999,8.0281,8.05897,6.7976600000000005,7.34463,19.44444,5.63075,9.87884,23.03968
41322,Benin,BEN,"Female share of graduates in Information and Communication Technologies programmes, tertiary (%)",UIS.FGP.5T8.F600,26.401970000000002,12.00215,14.218820000000001,11.4824,15.05065,11.764710000000001,73.88535,9.30315,20.99815,7.37807,5.645580000000001,8.748669999999999,22.79202,8.05897,6.7976600000000005,18.518520000000002,55.06884,5.63075,9.87884,23.03968
41946,Bermuda,BMU,"Female share of graduates in Information and Communication Technologies programmes, tertiary (%)",UIS.FGP.5T8.F600,26.401970000000002,12.00215,33.33333,11.4824,15.05065,11.764710000000001,50.0,9.30315,62.5,7.37807,45.45455,33.33333,40.0,66.66667,6.7976600000000005,18.518520000000002,28.57143,5.63075,9.090910000000001,33.33333
42570,Bhutan,BTN,"Female share of graduates in Information and Communication Technologies programmes, tertiary (%)",UIS.FGP.5T8.F600,26.401970000000002,12.00215,33.33333,11.4824,15.05065,11.764710000000001,50.0,9.30315,62.5,7.37807,45.45455,33.33333,40.0,66.66667,6.7976600000000005,18.518520000000002,28.57143,5.63075,9.090910000000001,33.33333
43194,Bolivia,BOL,"Female share of graduates in Information and Communication Technologies programmes, tertiary (%)",UIS.FGP.5T8.F600,26.401970000000002,12.00215,33.33333,11.4824,15.05065,11.764710000000001,50.0,9.30315,62.5,7.37807,45.45455,33.33333,40.0,66.66667,6.7976600000000005,18.518520000000002,28.57143,5.63075,9.090910000000001,33.33333
43818,Bosnia and Herzegovina,BIH,"Female share of graduates in Information and Communication Technologies programmes, tertiary (%)",UIS.FGP.5T8.F600,26.401970000000002,12.00215,33.33333,11.4824,15.05065,11.764710000000001,50.0,9.30315,62.5,7.37807,45.45455,33.33333,40.0,66.66667,6.7976600000000005,18.518520000000002,27.68,18.05556,27.04225,28.178240000000002
44442,Botswana,BWA,"Female share of graduates in Information and Communication Technologies programmes, tertiary (%)",UIS.FGP.5T8.F600,26.401970000000002,12.00215,33.33333,11.4824,15.05065,11.764710000000001,50.0,9.30315,62.5,7.37807,45.45455,33.33333,40.0,66.66667,6.7976600000000005,18.518520000000002,27.68,18.05556,27.04225,28.178240000000002
45066,Brazil,BRA,"Female share of graduates in Information and Communication Technologies programmes, tertiary (%)",UIS.FGP.5T8.F600,26.401970000000002,12.00215,32.1039,28.743140000000004,26.68425,24.18797,23.03412,9.30315,19.83018,18.796879999999998,18.397479999999998,18.25965,16.97174,17.33484,6.7976600000000005,15.291139999999999,15.011379999999999,14.6263,14.551039999999999,28.178240000000002
45690,British Virgin Islands,VGB,"Female share of graduates in Information and Communication Technologies programmes, tertiary (%)",UIS.FGP.5T8.F600,26.401970000000002,12.00215,32.1039,28.743140000000004,26.68425,24.18797,23.03412,9.30315,19.83018,18.796879999999998,63.636359999999996,18.25965,16.97174,17.33484,6.7976600000000005,15.291139999999999,15.011379999999999,14.6263,14.551039999999999,28.178240000000002
46314,Brunei Darussalam,BRN,"Female share of graduates in Information and Communication Technologies programmes, tertiary (%)",UIS.FGP.5T8.F600,62.962959999999995,71.05263000000001,65.625,28.743140000000004,72.72726999999999,44.44444,51.785709999999995,71.73913,46.03175,62.6506,58.064519999999995,53.62319,87.5,54.25532,6.7976600000000005,15.291139999999999,44.01806,45.79208,14.551039999999999,41.86047
46938,Bulgaria,BGR,"Female share of graduates in Information and Communication Technologies programmes, tertiary (%)",UIS.FGP.5T8.F600,61.33005,69.51788,60.03236,46.895070000000004,51.21951,51.913129999999995,46.9697,71.73913,49.86226,46.49123,45.00434,40.66952,39.7278,39.0411,41.35021,37.907379999999996,39.03935,40.04616,38.74001,41.86047
47562,Burkina Faso,BFA,"Female share of graduates in Information and Communication Technologies programmes, tertiary (%)",UIS.FGP.5T8.F600,61.33005,69.51788,60.03236,46.895070000000004,51.21951,51.913129999999995,46.9697,71.73913,49.86226,46.49123,45.00434,40.66952,9.652510000000001,9.659089999999999,41.35021,0.0,29.54545,28.57143,38.74001,41.86047
48186,Burundi,BDI,"Female share of graduates in Information and Communication Technologies programmes, tertiary (%)",UIS.FGP.5T8.F600,61.33005,69.51788,60.03236,46.895070000000004,51.21951,51.913129999999995,46.9697,71.73913,49.86226,46.49123,45.00434,28.36879,9.652510000000001,9.659089999999999,41.35021,0.0,29.54545,29.080679999999997,26.553109999999997,41.86047
48810,Cabo Verde,CPV,"Female share of graduates in Information and Communication Technologies programmes, tertiary (%)",UIS.FGP.5T8.F600,61.33005,69.51788,60.03236,46.895070000000004,51.21951,51.913129999999995,46.9697,71.73913,49.86226,46.49123,45.00434,28.36879,9.652510000000001,9.659089999999999,41.35021,0.0,29.54545,37.5,38.46154,44.0
49434,Cambodia,KHM,"Female share of graduates in Information and Communication Technologies programmes, tertiary (%)",UIS.FGP.5T8.F600,61.33005,28.888890000000004,17.07317,12.55061,51.21951,11.296660000000001,46.9697,71.73913,10.43277,9.098939999999999,45.00434,28.36879,9.652510000000001,9.659089999999999,41.35021,0.0,8.43976,37.5,38.46154,44.0
50058,Cameroon,CMR,"Female share of graduates in Information and Communication Technologies programmes, tertiary (%)",UIS.FGP.5T8.F600,61.33005,28.888890000000004,17.07317,12.55061,51.21951,11.296660000000001,46.9697,71.73913,10.43277,9.098939999999999,45.00434,28.36879,9.652510000000001,9.659089999999999,41.35021,0.0,8.43976,37.5,38.46154,44.0
50682,Canada,CAN,"Female share of graduates in Information and Communication Technologies programmes, tertiary (%)",UIS.FGP.5T8.F600,61.33005,28.888890000000004,17.07317,12.55061,51.21951,11.296660000000001,46.9697,71.73913,10.43277,9.098939999999999,45.00434,28.36879,9.652510000000001,9.659089999999999,17.30132,29.614720000000002,29.625729999999997,29.96837,38.46154,44.0
51306,Cayman Islands,CYM,"Female share of graduates in Information and Communication Technologies programmes, tertiary (%)",UIS.FGP.5T8.F600,61.33005,28.888890000000004,17.07317,12.55061,51.21951,11.296660000000001,46.9697,50.0,34.61538,20.0,45.00434,28.36879,9.652510000000001,9.659089999999999,17.30132,29.614720000000002,29.625729999999997,29.96837,38.46154,44.0
51930,Central African Republic,CAF,"Female share of graduates in Information and Communication Technologies programmes, tertiary (%)",UIS.FGP.5T8.F600,61.33005,28.888890000000004,17.07317,12.55061,51.21951,11.296660000000001,46.9697,50.0,34.61538,20.0,45.00434,28.36879,9.652510000000001,9.659089999999999,17.30132,29.614720000000002,29.625729999999997,29.96837,38.46154,44.0
52554,Chad,TCD,"Female share of graduates in Information and Communication Technologies programmes, tertiary (%)",UIS.FGP.5T8.F600,61.33005,28.888890000000004,17.07317,12.55061,51.21951,11.296660000000001,46.9697,50.0,34.61538,20.0,45.00434,28.36879,9.652510000000001,9.659089999999999,17.30132,29.614720000000002,29.625729999999997,29.96837,38.46154,44.0
53178,Channel Islands,CHI,"Female share of graduates in Information and Communication Technologies programmes, tertiary (%)",UIS.FGP.5T8.F600,61.33005,28.888890000000004,17.07317,12.55061,51.21951,11.296660000000001,46.9697,50.0,34.61538,20.0,45.00434,28.36879,9.652510000000001,9.659089999999999,17.30132,29.614720000000002,29.625729999999997,29.96837,38.46154,44.0
53802,Chile,CHL,"Female share of graduates in Information and Communication Technologies programmes, tertiary (%)",UIS.FGP.5T8.F600,61.33005,28.888890000000004,17.07317,12.55061,51.21951,26.480159999999998,46.9697,26.09929,20.23694,16.168329999999997,16.04723,14.24652,9.652510000000001,11.55349,42.91498,11.66367,12.54434,12.944,12.74434,44.0
54426,China,CHN,"Female share of graduates in Information and Communication Technologies programmes, tertiary (%)",UIS.FGP.5T8.F600,61.33005,28.888890000000004,17.07317,12.55061,51.21951,26.480159999999998,46.9697,26.09929,20.23694,16.168329999999997,16.04723,14.24652,9.652510000000001,11.55349,42.91498,11.66367,12.54434,12.944,12.74434,44.0
55050,Colombia,COL,"Female share of graduates in Information and Communication Technologies programmes, tertiary (%)",UIS.FGP.5T8.F600,61.33005,28.888890000000004,17.07317,12.55061,51.21951,26.480159999999998,46.9697,26.09929,20.23694,16.168329999999997,16.04723,14.24652,38.11085,37.16012,42.91498,31.068609999999996,27.905929999999998,26.98994,25.0628,23.306820000000002
55674,Comoros,COM,"Female share of graduates in Information and Communication Technologies programmes, tertiary (%)",UIS.FGP.5T8.F600,61.33005,28.888890000000004,17.07317,12.55061,51.21951,26.480159999999998,46.9697,26.09929,20.23694,16.168329999999997,16.04723,14.24652,38.11085,37.16012,42.91498,31.068609999999996,27.905929999999998,26.98994,25.0628,23.306820000000002
56298,"Congo, Dem. Rep.",COD,"Female share of graduates in Information and Communication Technologies programmes, tertiary (%)",UIS.FGP.5T8.F600,61.33005,28.888890000000004,17.07317,12.55061,51.21951,26.480159999999998,46.9697,26.09929,20.23694,16.168329999999997,16.04723,14.24652,38.11085,37.16012,42.91498,31.068609999999996,27.905929999999998,36.64532,25.0628,23.306820000000002
56922,"Congo, Rep.",COG,"Female share of graduates in Information and Communication Technologies programmes, tertiary (%)",UIS.FGP.5T8.F600,61.33005,28.888890000000004,17.07317,12.55061,51.21951,26.480159999999998,46.9697,26.09929,20.23694,16.168329999999997,16.04723,14.24652,38.11085,37.16012,42.91498,31.068609999999996,27.905929999999998,36.64532,26.70157,23.306820000000002
57546,Costa Rica,CRI,"Female share of graduates in Information and Communication Technologies programmes, tertiary (%)",UIS.FGP.5T8.F600,61.33005,28.888890000000004,31.25,30.049670000000003,51.21951,26.480159999999998,46.9697,26.09929,25.76545,16.168329999999997,16.04723,25.24934,24.59016,37.16012,42.91498,31.068609999999996,24.32214,21.489729999999998,23.29791,20.29041
58170,Cote d'Ivoire,CIV,"Female share of graduates in Information and Communication Technologies programmes, tertiary (%)",UIS.FGP.5T8.F600,61.33005,28.888890000000004,31.25,30.049670000000003,51.21951,26.480159999999998,46.9697,26.09929,25.76545,16.168329999999997,16.04723,25.24934,24.59016,37.16012,42.91498,31.068609999999996,24.32214,21.489729999999998,23.29791,20.29041
58794,Croatia,HRV,"Female share of graduates in Information and Communication Technologies programmes, tertiary (%)",UIS.FGP.5T8.F600,32.871970000000005,28.888890000000004,28.06452,23.97094,20.04405,26.480159999999998,18.22034,21.12971,17.84038,16.06529,15.818760000000001,16.73152,24.59016,15.44554,42.91498,19.86063,18.33674,21.25935,21.002129999999998,20.29041
59418,Cuba,CUB,"Female share of graduates in Information and Communication Technologies programmes, tertiary (%)",UIS.FGP.5T8.F600,32.871970000000005,28.888890000000004,28.06452,23.97094,20.04405,26.480159999999998,18.22034,21.12971,17.84038,16.06529,15.818760000000001,16.73152,24.59016,47.6758,42.91498,19.86063,18.33674,33.19744,21.002129999999998,20.29041
60042,Curacao,CUW,"Female share of graduates in Information and Communication Technologies programmes, tertiary (%)",UIS.FGP.5T8.F600,32.871970000000005,28.888890000000004,28.06452,23.97094,20.04405,26.480159999999998,18.22034,21.12971,17.84038,16.06529,15.818760000000001,16.73152,24.59016,47.6758,42.91498,19.86063,18.33674,33.19744,21.002129999999998,20.29041
60666,Cyprus,CYP,"Female share of graduates in Information and Communication Technologies programmes, tertiary (%)",UIS.FGP.5T8.F600,44.73684,28.888890000000004,28.06452,44.11765,28.275859999999998,29.515420000000002,18.22034,29.1866,21.53846,23.75,30.84112,37.14286,20.18072,23.63636,30.522090000000002,35.89744,35.41667,30.653270000000003,28.4585,20.29041
61290,Czech Republic,CZE,"Female share of graduates in Information and Communication Technologies programmes, tertiary (%)",UIS.FGP.5T8.F600,14.626560000000001,11.86703,12.88591,12.88303,20.657610000000002,21.26568,20.0,29.1866,17.3338,14.9634,15.06069,13.6896,13.626579999999999,14.20442,14.279670000000001,16.23874,13.48753,15.26864,15.56509,20.29041
61914,Denmark,DNK,"Female share of graduates in Information and Communication Technologies programmes, tertiary (%)",UIS.FGP.5T8.F600,16.370810000000002,14.55026,14.188620000000002,18.832729999999998,19.49008,23.72029,21.63743,18.369989999999998,19.30855,21.860770000000002,19.82379,19.49861,23.4132,24.37428,21.711679999999998,23.019479999999998,19.74738,21.29366,24.00102,20.29041
62538,Djibouti,DJI,"Female share of graduates in Information and Communication Technologies programmes, tertiary (%)",UIS.FGP.5T8.F600,16.370810000000002,14.55026,14.188620000000002,18.832729999999998,19.49008,23.72029,21.63743,18.369989999999998,19.30855,21.860770000000002,19.82379,19.49861,23.4132,24.37428,21.711679999999998,23.019479999999998,19.74738,21.29366,24.00102,20.29041
63162,Dominica,DMA,"Female share of graduates in Information and Communication Technologies programmes, tertiary (%)",UIS.FGP.5T8.F600,16.370810000000002,14.55026,14.188620000000002,18.832729999999998,19.49008,23.72029,21.63743,18.369989999999998,19.30855,21.860770000000002,19.82379,19.49861,23.4132,24.37428,21.711679999999998,23.019479999999998,19.74738,21.29366,24.00102,20.29041
63786,Dominican Republic,DOM,"Female share of graduates in Information and Communication Technologies programmes, tertiary (%)",UIS.FGP.5T8.F600,16.370810000000002,14.55026,14.188620000000002,18.832729999999998,19.49008,23.72029,21.63743,18.369989999999998,19.30855,21.860770000000002,19.82379,19.49861,23.4132,24.37428,21.711679999999998,23.019479999999998,38.90977,25.782610000000002,39.413090000000004,20.29041
64410,Ecuador,ECU,"Female share of graduates in Information and Communication Technologies programmes, tertiary (%)",UIS.FGP.5T8.F600,16.370810000000002,14.55026,14.188620000000002,18.832729999999998,19.49008,23.72029,21.63743,18.369989999999998,57.85044,39.49343,19.82379,19.49861,23.4132,24.37428,21.711679999999998,35.40934,36.80791,36.81658,39.413090000000004,20.29041
65034,"Egypt, Arab Rep.",EGY,"Female share of graduates in Information and Communication Technologies programmes, tertiary (%)",UIS.FGP.5T8.F600,16.370810000000002,14.55026,14.188620000000002,18.832729999999998,19.49008,23.72029,21.63743,18.369989999999998,57.85044,39.49343,19.82379,19.49861,23.4132,24.37428,21.711679999999998,35.40934,36.80791,36.809129999999996,39.413090000000004,20.29041
65658,El Salvador,SLV,"Female share of graduates in Information and Communication Technologies programmes, tertiary (%)",UIS.FGP.5T8.F600,16.370810000000002,14.55026,14.188620000000002,43.57459,44.971540000000005,23.72029,43.503370000000004,40.37037,41.14659,39.25121,36.01763,37.34644,34.888059999999996,34.06773,21.711679999999998,35.40934,30.4878,27.966459999999998,25.98253,26.15804
66282,Equatorial Guinea,GNQ,"Female share of graduates in Information and Communication Technologies programmes, tertiary (%)",UIS.FGP.5T8.F600,16.370810000000002,14.55026,14.188620000000002,43.57459,44.971540000000005,23.72029,43.503370000000004,40.37037,41.14659,39.25121,36.01763,37.34644,34.888059999999996,34.06773,21.711679999999998,35.40934,30.4878,27.966459999999998,25.98253,26.15804
66906,Eritrea,ERI,"Female share of graduates in Information and Communication Technologies programmes, tertiary (%)",UIS.FGP.5T8.F600,16.370810000000002,14.55026,14.188620000000002,43.57459,7.692310000000001,9.67742,43.503370000000004,40.37037,41.14659,39.25121,36.01763,37.34644,34.888059999999996,34.06773,21.711679999999998,35.40934,0.0,0.0,25.98253,26.15804
67530,Estonia,EST,"Female share of graduates in Information and Communication Technologies programmes, tertiary (%)",UIS.FGP.5T8.F600,14.41441,22.15569,32.53589,21.75926,24.70588,28.20513,26.446279999999998,29.964540000000003,22.23859,23.58318,24.55446,25.899279999999997,25.60976,20.35398,23.776220000000002,27.73585,29.844959999999997,26.99387,28.89201,26.15804
68154,Eswatini,SWZ,"Female share of graduates in Information and Communication Technologies programmes, tertiary (%)",UIS.FGP.5T8.F600,14.41441,22.15569,32.53589,21.75926,24.70588,28.20513,26.446279999999998,29.964540000000003,22.23859,23.58318,24.55446,25.899279999999997,25.60976,20.35398,23.776220000000002,27.73585,29.844959999999997,26.99387,28.89201,26.15804
68778,Ethiopia,ETH,"Female share of graduates in Information and Communication Technologies programmes, tertiary (%)",UIS.FGP.5T8.F600,17.64706,35.714290000000005,32.53589,29.33025,29.39759,31.3253,25.03987,29.964540000000003,22.23859,21.89781,24.55446,28.059209999999997,25.60976,20.35398,23.776220000000002,27.73585,29.844959999999997,26.99387,28.89201,26.15804
69402,Faroe Islands,FRO,"Female share of graduates in Information and Communication Technologies programmes, tertiary (%)",UIS.FGP.5T8.F600,17.64706,35.714290000000005,32.53589,29.33025,29.39759,31.3253,25.03987,29.964540000000003,22.23859,21.89781,24.55446,28.059209999999997,25.60976,20.35398,23.776220000000002,27.73585,29.844959999999997,26.99387,28.89201,26.15804
70026,Fiji,FJI,"Female share of graduates in Information and Communication Technologies programmes, tertiary (%)",UIS.FGP.5T8.F600,17.64706,35.714290000000005,32.53589,29.33025,29.39759,31.3253,25.03987,29.964540000000003,22.23859,21.89781,24.55446,28.059209999999997,25.60976,20.35398,23.776220000000002,27.73585,29.844959999999997,26.99387,28.89201,26.15804
70650,Finland,FIN,"Female share of graduates in Information and Communication Technologies programmes, tertiary (%)",UIS.FGP.5T8.F600,35.0826,40.3861,39.54023,42.352940000000004,40.845890000000004,42.91915,25.03987,29.964540000000003,22.23859,21.89781,26.973679999999998,28.399520000000003,27.45334,23.85148,23.6892,26.394479999999998,19.318179999999998,20.64174,20.74618,26.15804
71274,France,FRA,"Female share of graduates in Information and Communication Technologies programmes, tertiary (%)",UIS.FGP.5T8.F600,35.0826,17.48784,39.54023,20.74563,21.68467,17.18799,25.03987,14.43922,14.446060000000001,15.84479,14.62936,28.399520000000003,27.45334,16.13641,17.93629,16.69439,16.72171,16.45824,20.74618,26.15804
71898,French Polynesia,PYF,"Female share of graduates in Information and Communication Technologies programmes, tertiary (%)",UIS.FGP.5T8.F600,35.0826,17.48784,39.54023,20.74563,21.68467,17.18799,25.03987,14.43922,14.446060000000001,15.84479,14.62936,28.399520000000003,27.45334,16.13641,17.93629,16.69439,16.72171,16.45824,20.74618,26.15804
72522,Gabon,GAB,"Female share of graduates in Information and Communication Technologies programmes, tertiary (%)",UIS.FGP.5T8.F600,35.0826,17.48784,39.54023,20.74563,21.68467,17.18799,25.03987,14.43922,14.446060000000001,15.84479,14.62936,28.399520000000003,27.45334,16.13641,17.93629,16.69439,16.72171,16.45824,20.74618,26.15804
73146,"Gambia, The",GMB,"Female share of graduates in Information and Communication Technologies programmes, tertiary (%)",UIS.FGP.5T8.F600,35.0826,17.48784,39.54023,20.74563,21.68467,17.18799,25.03987,14.43922,14.446060000000001,15.84479,14.62936,28.399520000000003,53.93082,53.24176,17.93629,16.69439,16.72171,16.45824,20.74618,26.15804
73770,Georgia,GEO,"Female share of graduates in Information and Communication Technologies programmes, tertiary (%)",UIS.FGP.5T8.F600,75.67568,48.83721,55.55556,55.55556,14.28571,41.66667,25.03987,39.39394,39.00574,15.84479,14.62936,43.74343,53.93082,37.0452,17.93629,16.69439,16.72171,26.842109999999998,24.50408,23.64706
74394,Germany,DEU,"Female share of graduates in Information and Communication Technologies programmes, tertiary (%)",UIS.FGP.5T8.F600,11.686760000000001,10.64075,12.36967,11.330680000000001,14.28571,41.66667,25.03987,39.39394,39.00574,15.84479,14.62936,43.74343,53.93082,37.0452,17.93629,16.69439,17.63684,18.14132,19.408179999999998,23.64706
75018,Ghana,GHA,"Female share of graduates in Information and Communication Technologies programmes, tertiary (%)",UIS.FGP.5T8.F600,11.686760000000001,10.64075,12.36967,11.330680000000001,14.28571,41.66667,25.03987,39.39394,39.00574,15.84479,14.62936,43.74343,53.93082,37.0452,17.93629,16.69439,2.60557,15.409839999999999,11.02362,19.867929999999998
75642,Gibraltar,GIB,"Female share of graduates in Information and Communication Technologies programmes, tertiary (%)",UIS.FGP.5T8.F600,11.686760000000001,10.64075,12.36967,11.330680000000001,14.28571,41.66667,25.03987,39.39394,39.00574,15.84479,14.62936,43.74343,53.93082,37.0452,17.93629,16.69439,2.60557,15.409839999999999,11.02362,19.867929999999998
76266,Greece,GRC,"Female share of graduates in Information and Communication Technologies programmes, tertiary (%)",UIS.FGP.5T8.F600,11.686760000000001,10.64075,12.36967,11.330680000000001,14.28571,32.16595,33.47213,39.39394,46.43585,41.2844,14.62936,39.95179,37.858509999999995,37.20862,36.00741,35.37415,2.60557,38.760740000000006,35.68569,19.867929999999998
76890,Greenland,GRL,"Female share of graduates in Information and Communication Technologies programmes, tertiary (%)",UIS.FGP.5T8.F600,11.686760000000001,10.64075,12.36967,11.330680000000001,14.28571,32.16595,33.47213,39.39394,46.43585,41.2844,14.62936,39.95179,37.858509999999995,37.20862,36.00741,35.37415,2.60557,38.760740000000006,35.68569,19.867929999999998
77514,Grenada,GRD,"Female share of graduates in Information and Communication Technologies programmes, tertiary (%)",UIS.FGP.5T8.F600,11.686760000000001,10.64075,12.36967,11.330680000000001,14.28571,32.16595,33.47213,39.39394,46.43585,41.2844,14.62936,39.95179,37.858509999999995,37.20862,36.00741,35.37415,39.68254,38.760740000000006,21.62162,24.09639
78138,Guam,GUM,"Female share of graduates in Information and Communication Technologies programmes, tertiary (%)",UIS.FGP.5T8.F600,11.686760000000001,10.64075,12.36967,11.330680000000001,14.28571,32.16595,33.47213,39.39394,46.43585,41.2844,14.62936,39.95179,37.858509999999995,37.20862,36.00741,35.37415,39.68254,38.760740000000006,21.62162,24.09639
78762,Guatemala,GTM,"Female share of graduates in Information and Communication Technologies programmes, tertiary (%)",UIS.FGP.5T8.F600,11.686760000000001,10.64075,12.36967,11.330680000000001,14.28571,32.16595,33.47213,39.39394,46.43585,41.2844,14.62936,39.95179,37.858509999999995,37.20862,36.00741,27.91165,21.074379999999998,38.760740000000006,21.62162,24.09639
79386,Guinea,GIN,"Female share of graduates in Information and Communication Technologies programmes, tertiary (%)",UIS.FGP.5T8.F600,11.686760000000001,10.64075,12.36967,11.330680000000001,14.28571,32.16595,33.47213,39.39394,46.43585,41.2844,14.62936,39.95179,37.858509999999995,37.20862,36.00741,27.91165,21.074379999999998,38.760740000000006,21.62162,24.09639
80010,Guinea-Bissau,GNB,"Female share of graduates in Information and Communication Technologies programmes, tertiary (%)",UIS.FGP.5T8.F600,11.686760000000001,10.64075,12.36967,11.330680000000001,14.28571,32.16595,33.47213,39.39394,46.43585,41.2844,14.62936,39.95179,37.858509999999995,37.20862,36.00741,27.91165,21.074379999999998,38.760740000000006,21.62162,24.09639
80634,Guyana,GUY,"Female share of graduates in Information and Communication Technologies programmes, tertiary (%)",UIS.FGP.5T8.F600,11.686760000000001,10.64075,12.36967,11.330680000000001,14.28571,39.80583,32.33083,40.98361,37.23404,43.75,37.93103,37.93103,37.93103,26.582279999999997,36.00741,27.91165,21.074379999999998,38.760740000000006,21.62162,24.09639
81258,Haiti,HTI,"Female share of graduates in Information and Communication Technologies programmes, tertiary (%)",UIS.FGP.5T8.F600,11.686760000000001,10.64075,12.36967,11.330680000000001,14.28571,39.80583,32.33083,40.98361,37.23404,43.75,37.93103,37.93103,37.93103,26.582279999999997,36.00741,27.91165,21.074379999999998,38.760740000000006,21.62162,24.09639
81882,Honduras,HND,"Female share of graduates in Information and Communication Technologies programmes, tertiary (%)",UIS.FGP.5T8.F600,11.686760000000001,10.64075,12.36967,11.330680000000001,54.901959999999995,39.80583,32.33083,40.98361,37.23404,43.75,37.93103,37.93103,37.93103,39.94211,36.00741,27.91165,30.23578,27.510920000000002,31.86344,27.14469
82506,"Hong Kong SAR, China",HKG,"Female share of graduates in Information and Communication Technologies programmes, tertiary (%)",UIS.FGP.5T8.F600,11.686760000000001,10.64075,12.36967,11.330680000000001,26.151629999999997,22.336679999999998,21.87005,20.45652,37.23404,43.75,37.93103,37.93103,37.93103,39.94211,36.00741,27.91165,30.23578,27.510920000000002,31.86344,27.14469
83130,Hungary,HUN,"Female share of graduates in Information and Communication Technologies programmes, tertiary (%)",UIS.FGP.5T8.F600,14.31127,15.63055,21.1094,18.72832,22.3594,28.22523,29.43925,19.38983,37.23404,20.53005,19.315720000000002,18.0192,15.37028,16.79467,17.08333,17.76375,23.33333,18.81793,16.70346,27.14469
83754,Iceland,ISL,"Female share of graduates in Information and Communication Technologies programmes, tertiary (%)",UIS.FGP.5T8.F600,21.25,29.13386,23.07692,23.72881,28.08219,27.81065,23.14815,16.66667,17.85714,11.36364,20.0,20.51282,15.37028,12.96296,17.08333,17.76375,23.33333,18.81793,16.70346,27.14469
84378,India,IND,"Female share of graduates in Information and Communication Technologies programmes, tertiary (%)",UIS.FGP.5T8.F600,21.25,29.13386,23.07692,23.72881,28.08219,27.81065,23.14815,16.66667,17.85714,11.36364,20.0,20.51282,15.37028,12.96296,44.75373,44.21147,44.571020000000004,46.320840000000004,50.11807,46.327909999999996
85002,Indonesia,IDN,"Female share of graduates in Information and Communication Technologies programmes, tertiary (%)",UIS.FGP.5T8.F600,21.25,29.13386,23.07692,23.72881,28.08219,27.81065,23.14815,16.66667,17.85714,11.36364,20.0,20.51282,15.37028,12.96296,44.75373,35.97724,35.29992,34.83984,35.62578,34.6707
85626,"Iran, Islamic Rep.",IRN,"Female share of graduates in Information and Communication Technologies programmes, tertiary (%)",UIS.FGP.5T8.F600,21.25,29.13386,23.07692,23.72881,28.08219,45.89577,52.77778000000001,42.78351,52.77778000000001,11.36364,54.5531,20.51282,61.213519999999995,53.82685,44.75373,35.97724,35.29992,42.39042,39.109590000000004,34.6707
86250,Iraq,IRQ,"Female share of graduates in Information and Communication Technologies programmes, tertiary (%)",UIS.FGP.5T8.F600,21.25,29.13386,23.07692,23.72881,28.08219,40.25157,52.77778000000001,42.78351,52.77778000000001,11.36364,54.5531,20.51282,61.213519999999995,53.82685,44.75373,35.97724,35.29992,42.39042,39.109590000000004,34.6707
86874,Ireland,IRL,"Female share of graduates in Information and Communication Technologies programmes, tertiary (%)",UIS.FGP.5T8.F600,44.70254,45.71893,40.33831,37.73276,36.78565,32.632740000000005,52.77778000000001,42.78351,52.77778000000001,11.36364,24.728260000000002,22.26436,61.213519999999995,40.53751,19.93968,19.57627,20.27555,20.85069,39.109590000000004,34.6707
87498,Isle of Man,IMN,"Female share of graduates in Information and Communication Technologies programmes, tertiary (%)",UIS.FGP.5T8.F600,44.70254,45.71893,40.33831,37.73276,36.78565,32.632740000000005,52.77778000000001,42.78351,52.77778000000001,11.36364,24.728260000000002,22.26436,61.213519999999995,40.53751,19.93968,19.57627,20.27555,20.85069,39.109590000000004,34.6707
88122,Israel,ISR,"Female share of graduates in Information and Communication Technologies programmes, tertiary (%)",UIS.FGP.5T8.F600,44.70254,45.71893,40.33831,37.73276,36.78565,32.632740000000005,52.77778000000001,42.78351,52.77778000000001,11.36364,24.728260000000002,22.26436,61.213519999999995,40.53751,19.93968,19.57627,20.27555,20.85069,39.109590000000004,34.6707
88746,Italy,ITA,"Female share of graduates in Information and Communication Technologies programmes, tertiary (%)",UIS.FGP.5T8.F600,26.87793,27.12177,22.51481,20.76923,21.22291,23.26022,19.82544,21.69125,21.23488,23.10829,24.728260000000002,22.26436,23.46772,25.45636,16.66667,16.26418,19.59654,16.12051,39.109590000000004,34.6707
89370,Jamaica,JAM,"Female share of graduates in Information and Communication Technologies programmes, tertiary (%)",UIS.FGP.5T8.F600,26.87793,27.12177,22.51481,20.76923,21.22291,23.26022,19.82544,21.69125,21.23488,23.10829,24.728260000000002,22.26436,23.46772,25.45636,16.66667,16.26418,19.59654,16.12051,39.109590000000004,34.6707
89994,Japan,JPN,"Female share of graduates in Information and Communication Technologies programmes, tertiary (%)",UIS.FGP.5T8.F600,26.87793,27.12177,22.51481,20.76923,21.22291,23.26022,19.82544,21.69125,21.23488,23.10829,24.728260000000002,22.26436,23.46772,25.45636,16.66667,16.26418,19.59654,16.12051,39.109590000000004,34.6707
90618,Jordan,JOR,"Female share of graduates in Information and Communication Technologies programmes, tertiary (%)",UIS.FGP.5T8.F600,26.87793,27.12177,22.51481,20.76923,21.22291,23.26022,19.82544,21.69125,25.0,23.10829,24.728260000000002,22.26436,60.27938,25.45636,16.66667,16.26418,19.59654,16.12051,39.109590000000004,34.6707
91242,Kazakhstan,KAZ,"Female share of graduates in Information and Communication Technologies programmes, tertiary (%)",UIS.FGP.5T8.F600,26.87793,27.12177,22.51481,20.76923,21.22291,23.26022,19.82544,21.69125,25.0,23.10829,24.728260000000002,22.26436,60.27938,25.45636,16.66667,16.26418,19.59654,38.02328,39.40185,34.46906
91866,Kenya,KEN,"Female share of graduates in Information and Communication Technologies programmes, tertiary (%)",UIS.FGP.5T8.F600,26.87793,21.89542,26.760559999999998,20.76923,21.22291,23.26022,19.82544,21.69125,25.0,23.10829,24.728260000000002,22.26436,60.27938,25.45636,16.66667,16.26418,19.59654,30.10329,39.40185,34.46906
92490,Kiribati,KIR,"Female share of graduates in Information and Communication Technologies programmes, tertiary (%)",UIS.FGP.5T8.F600,26.87793,21.89542,26.760559999999998,20.76923,21.22291,23.26022,19.82544,21.69125,25.0,23.10829,24.728260000000002,22.26436,60.27938,25.45636,16.66667,16.26418,19.59654,30.10329,39.40185,34.46906
93114,"Korea, Dem. People's Rep.",PRK,"Female share of graduates in Information and Communication Technologies programmes, tertiary (%)",UIS.FGP.5T8.F600,26.87793,21.89542,26.760559999999998,20.76923,21.22291,23.26022,19.82544,21.69125,25.0,23.10829,24.728260000000002,22.26436,60.27938,25.45636,16.66667,16.26418,36.29672,30.10329,39.40185,34.46906
93738,"Korea, Rep.",KOR,"Female share of graduates in Information and Communication Technologies programmes, tertiary (%)",UIS.FGP.5T8.F600,48.727959999999996,45.71382,36.33917,38.87096,46.88991,38.044000000000004,34.272459999999995,28.348190000000002,24.154,21.26154,23.2986,22.26436,23.336470000000002,25.28451,25.02166,25.99239,27.338079999999998,28.62947,24.32193,34.46906
94362,Kosovo,XKX,"Female share of graduates in Information and Communication Technologies programmes, tertiary (%)",UIS.FGP.5T8.F600,48.727959999999996,45.71382,36.33917,38.87096,46.88991,38.044000000000004,34.272459999999995,28.348190000000002,24.154,21.26154,23.2986,22.26436,23.336470000000002,25.28451,25.02166,25.99239,27.338079999999998,28.62947,24.32193,34.46906
94986,Kuwait,KWT,"Female share of graduates in Information and Communication Technologies programmes, tertiary (%)",UIS.FGP.5T8.F600,48.727959999999996,45.71382,36.33917,38.87096,46.88991,38.044000000000004,34.272459999999995,28.348190000000002,24.154,21.26154,23.2986,22.26436,23.336470000000002,25.28451,25.02166,25.99239,27.338079999999998,28.62947,24.32193,34.46906
95610,Kyrgyz Republic,KGZ,"Female share of graduates in Information and Communication Technologies programmes, tertiary (%)",UIS.FGP.5T8.F600,40.0,45.71382,42.85714,41.614909999999995,43.26599,45.29058,56.61765,47.43935,41.51079,44.8833,42.25268,43.88767,51.0521,46.47971,25.02166,25.99239,43.256809999999994,43.21346,44.95982,47.425670000000004
96234,Lao PDR,LAO,"Female share of graduates in Information and Communication Technologies programmes, tertiary (%)",UIS.FGP.5T8.F600,40.0,45.71382,42.85714,41.614909999999995,43.26599,45.29058,56.61765,47.43935,41.51079,44.8833,26.34409,43.88767,40.976459999999996,33.93195,25.02166,25.99239,30.005640000000003,28.88638,35.07853,40.82181
96858,Latvia,LVA,"Female share of graduates in Information and Communication Technologies programmes, tertiary (%)",UIS.FGP.5T8.F600,28.6119,35.53114,43.173429999999996,34.90854,31.32372,24.9697,25.59899,25.0,25.4717,21.70051,21.11399,19.53428,21.24105,21.046229999999998,23.20513,22.27074,20.6117,23.68421,22.68326,40.82181
97482,Lebanon,LBN,"Female share of graduates in Information and Communication Technologies programmes, tertiary (%)",UIS.FGP.5T8.F600,28.6119,34.0081,45.03205,41.36253,31.32372,38.936170000000004,24.88263,27.34463,27.265309999999996,27.55319,29.58643,23.631120000000003,30.659029999999998,21.046229999999998,23.20513,22.27074,20.6117,23.68421,22.68326,40.82181
98106,Lesotho,LSO,"Female share of graduates in Information and Communication Technologies programmes, tertiary (%)",UIS.FGP.5T8.F600,28.6119,34.0081,45.03205,41.36253,31.32372,38.936170000000004,24.88263,27.34463,27.265309999999996,27.55319,29.58643,23.631120000000003,30.659029999999998,25.53191,23.20513,22.27074,23.35766,23.68421,22.68326,31.25
98730,Liberia,LBR,"Female share of graduates in Information and Communication Technologies programmes, tertiary (%)",UIS.FGP.5T8.F600,28.6119,86.71944,45.03205,41.36253,31.32372,38.936170000000004,24.88263,27.34463,27.265309999999996,27.55319,29.58643,23.631120000000003,30.659029999999998,25.53191,23.20513,22.27074,23.35766,23.68421,22.68326,31.25
99354,Libya,LBY,"Female share of graduates in Information and Communication Technologies programmes, tertiary (%)",UIS.FGP.5T8.F600,28.6119,86.71944,45.03205,41.36253,31.32372,38.936170000000004,24.88263,27.34463,27.265309999999996,27.55319,29.58643,23.631120000000003,30.659029999999998,25.53191,23.20513,22.27074,23.35766,23.68421,22.68326,31.25
99978,Liechtenstein,LIE,"Female share of graduates in Information and Communication Technologies programmes, tertiary (%)",UIS.FGP.5T8.F600,28.6119,86.71944,45.03205,41.36253,18.181820000000002,38.936170000000004,24.88263,27.34463,27.265309999999996,27.55319,29.58643,23.631120000000003,5.88235,25.53191,23.20513,22.27074,23.35766,23.68421,22.68326,31.25
100602,Lithuania,LTU,"Female share of graduates in Information and Communication Technologies programmes, tertiary (%)",UIS.FGP.5T8.F600,37.55656,34.59384,36.610170000000004,35.10467,33.3758,26.943559999999998,25.53763,22.88314,21.5208,20.551379999999998,17.17172,17.279729999999997,17.35379,17.26415,15.876779999999998,16.18911,13.798979999999998,11.64725,16.84211,31.25
101226,Luxembourg,LUX,"Female share of graduates in Information and Communication Technologies programmes, tertiary (%)",UIS.FGP.5T8.F600,37.55656,34.59384,36.610170000000004,35.10467,33.3758,26.943559999999998,25.53763,22.88314,21.5208,15.909089999999999,17.17172,17.279729999999997,17.35379,25.925929999999997,14.705879999999999,10.44776,10.41667,19.587629999999997,16.84211,31.25
101850,"Macao SAR, China",MAC,"Female share of graduates in Information and Communication Technologies programmes, tertiary (%)",UIS.FGP.5T8.F600,37.55656,34.59384,36.610170000000004,35.10467,33.3758,26.943559999999998,21.074379999999998,14.5,13.291139999999999,10.909089999999999,17.021279999999997,16.11374,14.529910000000001,14.871789999999999,14.705879999999999,10.44776,11.96172,16.26794,19.12351,22.743679999999998
102474,Madagascar,MDG,"Female share of graduates in Information and Communication Technologies programmes, tertiary (%)",UIS.FGP.5T8.F600,37.55656,34.59384,36.610170000000004,35.10467,33.3758,26.943559999999998,34.22619,33.33333,35.227270000000004,43.0303,26.80653,25.80645,14.529910000000001,14.871789999999999,14.705879999999999,29.371890000000004,29.86887,23.419320000000003,27.82755,33.636359999999996
103098,Malawi,MWI,"Female share of graduates in Information and Communication Technologies programmes, tertiary (%)",UIS.FGP.5T8.F600,37.55656,34.59384,36.610170000000004,35.10467,33.3758,26.943559999999998,34.22619,33.33333,35.227270000000004,43.0303,26.80653,25.80645,14.529910000000001,14.871789999999999,14.705879999999999,29.371890000000004,29.86887,23.419320000000003,27.82755,33.636359999999996
103722,Malaysia,MYS,"Female share of graduates in Information and Communication Technologies programmes, tertiary (%)",UIS.FGP.5T8.F600,37.55656,34.59384,36.610170000000004,35.10467,33.3758,50.50614,34.22619,54.37981,48.757709999999996,50.53881,48.564609999999995,46.65087,47.01448,52.59692,14.705879999999999,29.371890000000004,44.550670000000004,23.419320000000003,27.82755,45.99805
104346,Maldives,MDV,"Female share of graduates in Information and Communication Technologies programmes, tertiary (%)",UIS.FGP.5T8.F600,37.55656,34.59384,36.610170000000004,35.10467,33.3758,50.50614,34.22619,54.37981,48.757709999999996,50.53881,48.564609999999995,46.65087,47.01448,52.59692,14.705879999999999,29.371890000000004,44.550670000000004,23.419320000000003,9.67742,45.99805
104970,Mali,MLI,"Female share of graduates in Information and Communication Technologies programmes, tertiary (%)",UIS.FGP.5T8.F600,37.55656,34.59384,36.610170000000004,35.10467,33.3758,50.50614,34.22619,54.37981,48.757709999999996,50.53881,48.564609999999995,46.65087,47.01448,52.59692,14.705879999999999,29.371890000000004,44.550670000000004,23.419320000000003,9.67742,45.99805
105594,Malta,MLT,"Female share of graduates in Information and Communication Technologies programmes, tertiary (%)",UIS.FGP.5T8.F600,37.55656,16.66667,0.0,10.0,12.82051,14.28571,26.415090000000003,26.66667,20.930229999999998,22.75862,23.27044,19.87952,25.34722,52.59692,13.99417,17.866670000000003,18.20896,16.44444,15.977960000000001,45.99805
106218,Marshall Islands,MHL,"Female share of graduates in Information and Communication Technologies programmes, tertiary (%)",UIS.FGP.5T8.F600,37.55656,16.66667,0.0,10.0,12.82051,14.28571,26.415090000000003,26.66667,20.930229999999998,22.75862,23.27044,19.87952,25.34722,52.59692,13.99417,17.866670000000003,18.20896,16.44444,15.977960000000001,45.99805
106842,Mauritania,MRT,"Female share of graduates in Information and Communication Technologies programmes, tertiary (%)",UIS.FGP.5T8.F600,37.55656,16.66667,0.0,10.0,12.82051,14.28571,26.415090000000003,26.66667,20.930229999999998,22.75862,23.27044,19.87952,25.34722,52.59692,13.99417,17.866670000000003,18.20896,41.17647,41.317370000000004,45.99805
107466,Mauritius,MUS,"Female share of graduates in Information and Communication Technologies programmes, tertiary (%)",UIS.FGP.5T8.F600,37.55656,16.66667,0.0,10.0,12.82051,14.28571,26.415090000000003,26.66667,20.930229999999998,22.75862,23.27044,19.87952,25.34722,52.59692,13.99417,17.866670000000003,18.20896,41.17647,31.59117,45.99805
108090,Mexico,MEX,"Female share of graduates in Information and Communication Technologies programmes, tertiary (%)",UIS.FGP.5T8.F600,37.55656,43.16758,42.961009999999995,42.84786,42.42819,14.28571,39.33275,39.993109999999994,39.31576,38.442809999999994,36.86807,41.96137,40.19761,39.22306,39.29053,37.43118,35.45763,32.17901,28.43665,45.99805
108714,"Micronesia, Fed. Sts.",FSM,"Female share of graduates in Information and Communication Technologies programmes, tertiary (%)",UIS.FGP.5T8.F600,37.55656,43.16758,42.961009999999995,42.84786,42.42819,14.28571,39.33275,39.993109999999994,39.31576,38.442809999999994,36.86807,41.96137,40.19761,39.22306,39.29053,37.43118,35.45763,32.17901,28.43665,45.99805
109338,Moldova,MDA,"Female share of graduates in Information and Communication Technologies programmes, tertiary (%)",UIS.FGP.5T8.F600,37.55656,43.16758,42.961009999999995,42.84786,42.42819,14.28571,39.33275,39.993109999999994,39.31576,38.442809999999994,36.86807,41.96137,40.19761,39.22306,39.29053,37.707640000000005,30.131829999999997,32.17901,28.43665,22.9284
109962,Monaco,MCO,"Female share of graduates in Information and Communication Technologies programmes, tertiary (%)",UIS.FGP.5T8.F600,37.55656,43.16758,42.961009999999995,42.84786,42.42819,14.28571,39.33275,39.993109999999994,39.31576,38.442809999999994,36.86807,41.96137,40.19761,39.22306,39.29053,37.707640000000005,30.131829999999997,32.17901,28.43665,22.9284
110586,Mongolia,MNG,"Female share of graduates in Information and Communication Technologies programmes, tertiary (%)",UIS.FGP.5T8.F600,33.08271,33.33333,58.333330000000004,39.378240000000005,48.14815,44.60641,44.01198,37.10021,40.99822,42.346940000000004,40.51222,39.97785,34.79888,39.22306,39.29053,37.707640000000005,30.131829999999997,32.17901,30.94233,37.68421
111210,Montenegro,MNE,"Female share of graduates in Information and Communication Technologies programmes, tertiary (%)",UIS.FGP.5T8.F600,33.08271,33.33333,58.333330000000004,39.378240000000005,48.14815,44.60641,44.01198,37.10021,40.99822,42.346940000000004,40.51222,39.97785,34.79888,39.22306,39.29053,37.707640000000005,30.131829999999997,32.17901,30.94233,37.68421
111834,Morocco,MAR,"Female share of graduates in Information and Communication Technologies programmes, tertiary (%)",UIS.FGP.5T8.F600,33.08271,33.33333,30.60179,39.378240000000005,48.14815,44.60641,44.01198,37.10021,6.65592,3.9619699999999995,44.05072,44.65477,34.79888,39.22306,39.29053,37.707640000000005,40.24707,45.01276,41.28349,37.68421
112458,Mozambique,MOZ,"Female share of graduates in Information and Communication Technologies programmes, tertiary (%)",UIS.FGP.5T8.F600,33.08271,33.33333,30.60179,39.378240000000005,48.14815,60.0,9.523810000000001,37.10021,6.65592,27.86885,23.72881,44.65477,34.79888,39.22306,39.29053,37.707640000000005,23.58974,25.60647,27.06935,20.98765
113082,Myanmar,MMR,"Female share of graduates in Information and Communication Technologies programmes, tertiary (%)",UIS.FGP.5T8.F600,33.08271,33.33333,30.60179,39.378240000000005,48.14815,60.0,9.523810000000001,37.10021,6.65592,27.86885,23.72881,44.65477,69.83591,39.22306,39.29053,37.707640000000005,23.58974,25.60647,27.06935,67.34817
113706,Namibia,NAM,"Female share of graduates in Information and Communication Technologies programmes, tertiary (%)",UIS.FGP.5T8.F600,33.08271,33.33333,0.0,39.378240000000005,0.0,60.0,25.0,37.10021,6.65592,60.0,23.72881,44.65477,69.83591,39.22306,39.29053,46.7128,39.506170000000004,42.59681,38.15514,67.34817
114330,Nauru,NRU,"Female share of graduates in Information and Communication Technologies programmes, tertiary (%)",UIS.FGP.5T8.F600,33.08271,33.33333,0.0,39.378240000000005,0.0,60.0,25.0,37.10021,6.65592,60.0,23.72881,44.65477,69.83591,39.22306,39.29053,46.7128,39.506170000000004,42.59681,38.15514,67.34817
114954,Nepal,NPL,"Female share of graduates in Information and Communication Technologies programmes, tertiary (%)",UIS.FGP.5T8.F600,33.08271,33.33333,0.0,39.378240000000005,0.0,60.0,25.0,37.10021,6.65592,60.0,23.72881,44.65477,69.83591,39.22306,39.29053,46.7128,39.506170000000004,42.59681,38.15514,67.34817
115578,Netherlands,NLD,"Female share of graduates in Information and Communication Technologies programmes, tertiary (%)",UIS.FGP.5T8.F600,11.967360000000001,13.3792,13.75516,13.1307,0.0,8.937000000000001,9.395480000000001,37.10021,6.65592,60.0,23.72881,10.92259,69.83591,39.22306,15.40704,16.57212,39.506170000000004,42.59681,14.47267,67.34817
116202,New Caledonia,NCL,"Female share of graduates in Information and Communication Technologies programmes, tertiary (%)",UIS.FGP.5T8.F600,11.967360000000001,13.3792,13.75516,13.1307,0.0,8.937000000000001,9.395480000000001,37.10021,6.65592,60.0,23.72881,10.92259,69.83591,39.22306,15.40704,16.57212,39.506170000000004,42.59681,14.47267,67.34817
116826,New Zealand,NZL,"Female share of graduates in Information and Communication Technologies programmes, tertiary (%)",UIS.FGP.5T8.F600,11.967360000000001,13.3792,13.75516,13.1307,0.0,8.937000000000001,21.90485,37.10021,6.65592,60.0,23.72881,10.92259,69.83591,39.22306,20.171310000000002,21.393060000000002,22.51428,24.38287,23.10945,67.34817
117450,Nicaragua,NIC,"Female share of graduates in Information and Communication Technologies programmes, tertiary (%)",UIS.FGP.5T8.F600,11.967360000000001,13.3792,13.75516,13.1307,0.0,8.937000000000001,21.90485,37.10021,6.65592,60.0,23.72881,10.92259,69.83591,39.22306,20.171310000000002,21.393060000000002,22.51428,24.38287,23.10945,67.34817
118074,Niger,NER,"Female share of graduates in Information and Communication Technologies programmes, tertiary (%)",UIS.FGP.5T8.F600,11.967360000000001,13.3792,20.0,13.1307,0.0,8.937000000000001,21.90485,37.10021,6.65592,60.0,23.72881,10.92259,69.83591,39.22306,20.171310000000002,21.393060000000002,47.45763,31.693990000000003,41.84028,22.797929999999997
118698,Nigeria,NGA,"Female share of graduates in Information and Communication Technologies programmes, tertiary (%)",UIS.FGP.5T8.F600,11.967360000000001,13.3792,20.0,13.1307,0.0,8.937000000000001,21.90485,37.10021,6.65592,60.0,23.72881,10.92259,69.83591,39.22306,20.171310000000002,21.393060000000002,47.45763,31.693990000000003,41.84028,22.797929999999997
119322,North Macedonia,MKD,"Female share of graduates in Information and Communication Technologies programmes, tertiary (%)",UIS.FGP.5T8.F600,49.6732,60.46512,39.66942,61.76471,67.3913,49.18033,39.13043,42.55319,29.19255,31.1828,35.4618,29.521590000000003,35.06201,32.60606,27.91293,27.66532,34.285709999999995,31.693990000000003,35.085229999999996,22.797929999999997
119946,Northern Mariana Islands,MNP,"Female share of graduates in Information and Communication Technologies programmes, tertiary (%)",UIS.FGP.5T8.F600,49.6732,60.46512,39.66942,61.76471,67.3913,49.18033,39.13043,42.55319,29.19255,31.1828,35.4618,29.521590000000003,35.06201,32.60606,27.91293,27.66532,34.285709999999995,31.693990000000003,35.085229999999996,22.797929999999997
120570,Norway,NOR,"Female share of graduates in Information and Communication Technologies programmes, tertiary (%)",UIS.FGP.5T8.F600,19.94885,25.16205,24.303,26.374859999999998,67.3913,18.82602,21.04413,42.55319,19.93506,21.0325,21.61017,19.687279999999998,35.06201,14.24474,16.85063,15.39877,16.35762,15.969579999999999,15.1608,22.797929999999997
121194,Oman,OMN,"Female share of graduates in Information and Communication Technologies programmes, tertiary (%)",UIS.FGP.5T8.F600,19.94885,25.16205,24.303,26.374859999999998,67.3913,18.82602,21.04413,42.55319,61.650490000000005,21.0325,65.17857,63.85643,35.06201,14.24474,16.85063,15.39877,66.28099,73.56215,79.23602,75.56251999999999
121818,Pakistan,PAK,"Female share of graduates in Information and Communication Technologies programmes, tertiary (%)",UIS.FGP.5T8.F600,19.94885,25.16205,24.303,26.374859999999998,67.3913,18.82602,21.04413,42.55319,61.650490000000005,21.0325,65.17857,63.85643,35.06201,14.24474,16.85063,15.39877,66.28099,73.56215,79.23602,75.56251999999999
122442,Palau,PLW,"Female share of graduates in Information and Communication Technologies programmes, tertiary (%)",UIS.FGP.5T8.F600,19.94885,25.16205,24.303,26.374859999999998,67.3913,18.82602,21.04413,42.55319,61.650490000000005,21.0325,65.17857,63.85643,35.06201,14.24474,16.85063,15.39877,66.28099,73.56215,79.23602,75.56251999999999
123066,Panama,PAN,"Female share of graduates in Information and Communication Technologies programmes, tertiary (%)",UIS.FGP.5T8.F600,19.94885,25.16205,24.303,57.5,30.7947,53.85604,54.037890000000004,48.095659999999995,53.424659999999996,53.7037,51.98413,49.616859999999996,49.9573,14.24474,16.85063,46.89655,55.9719,43.90582,79.23602,75.56251999999999
123690,Papua New Guinea,PNG,"Female share of graduates in Information and Communication Technologies programmes, tertiary (%)",UIS.FGP.5T8.F600,19.94885,25.16205,24.303,57.5,30.7947,53.85604,54.037890000000004,48.095659999999995,53.424659999999996,53.7037,51.98413,49.616859999999996,49.9573,14.24474,16.85063,46.89655,55.9719,43.90582,79.23602,75.56251999999999
124314,Paraguay,PRY,"Female share of graduates in Information and Communication Technologies programmes, tertiary (%)",UIS.FGP.5T8.F600,19.94885,25.16205,24.303,57.5,30.7947,53.85604,54.037890000000004,48.095659999999995,53.424659999999996,53.7037,51.98413,49.616859999999996,49.9573,14.24474,16.85063,46.89655,55.9719,43.90582,79.23602,75.56251999999999
124938,Peru,PER,"Female share of graduates in Information and Communication Technologies programmes, tertiary (%)",UIS.FGP.5T8.F600,19.94885,25.16205,24.303,57.5,30.7947,53.85604,54.037890000000004,48.095659999999995,53.424659999999996,53.7037,51.98413,49.616859999999996,49.9573,14.24474,16.85063,46.89655,55.9719,50.211000000000006,49.55961,75.56251999999999
125562,Philippines,PHL,"Female share of graduates in Information and Communication Technologies programmes, tertiary (%)",UIS.FGP.5T8.F600,19.94885,25.16205,24.303,57.5,30.7947,58.68733,54.037890000000004,48.095659999999995,53.424659999999996,53.7037,51.98413,49.616859999999996,49.9573,14.24474,16.85063,46.89655,55.9719,50.211000000000006,48.12816,75.56251999999999
126186,Poland,POL,"Female share of graduates in Information and Communication Technologies programmes, tertiary (%)",UIS.FGP.5T8.F600,19.94885,25.16205,24.303,57.5,30.7947,58.68733,54.037890000000004,48.095659999999995,53.424659999999996,53.7037,51.98413,15.98846,15.5538,16.813589999999998,17.96201,17.38221,19.42962,17.89799,21.1786,75.56251999999999
126810,Portugal,PRT,"Female share of graduates in Information and Communication Technologies programmes, tertiary (%)",UIS.FGP.5T8.F600,19.94885,31.43508,24.303,35.11294,34.643229999999996,24.86938,23.098589999999998,22.13449,21.71265,18.41545,16.087889999999998,23.67688,22.40664,22.351229999999997,24.70149,25.0,20.99768,23.45391,17.44422,75.56251999999999
127434,Puerto Rico,PRI,"Female share of graduates in Information and Communication Technologies programmes, tertiary (%)",UIS.FGP.5T8.F600,19.94885,31.43508,24.303,35.11294,34.643229999999996,24.86938,23.098589999999998,22.13449,21.71265,27.852759999999996,27.261459999999996,23.67688,29.83565,23.514210000000002,24.70149,21.13164,18.93975,18.598129999999998,17.44422,75.56251999999999
128058,Qatar,QAT,"Female share of graduates in Information and Communication Technologies programmes, tertiary (%)",UIS.FGP.5T8.F600,19.94885,31.43508,76.78571,64.70588000000001,58.75,24.86938,23.098589999999998,22.13449,56.73076999999999,55.789469999999994,50.68493,49.367090000000005,41.42857,38.75,24.70149,21.13164,18.93975,46.5812,37.62058,53.38078
128682,Romania,ROU,"Female share of graduates in Information and Communication Technologies programmes, tertiary (%)",UIS.FGP.5T8.F600,19.94885,31.43508,76.78571,64.70588000000001,58.75,24.86938,23.098589999999998,22.13449,56.73076999999999,32.530120000000004,23.65554,31.09204,29.385309999999997,38.75,30.07129,33.05842,32.70792,33.19426,37.62058,53.38078
129306,Russian Federation,RUS,"Female share of graduates in Information and Communication Technologies programmes, tertiary (%)",UIS.FGP.5T8.F600,19.94885,31.43508,76.78571,64.70588000000001,58.75,24.86938,23.098589999999998,22.13449,56.73076999999999,32.530120000000004,23.65554,31.09204,29.385309999999997,38.75,30.07129,33.05842,32.70792,33.19426,37.62058,53.38078
129930,Rwanda,RWA,"Female share of graduates in Information and Communication Technologies programmes, tertiary (%)",UIS.FGP.5T8.F600,19.94885,31.43508,76.78571,64.70588000000001,58.75,24.86938,23.098589999999998,22.13449,56.73076999999999,32.530120000000004,23.65554,31.09204,29.385309999999997,38.75,30.07129,33.05842,32.70792,33.19426,35.449220000000004,39.081540000000004
130554,Samoa,WSM,"Female share of graduates in Information and Communication Technologies programmes, tertiary (%)",UIS.FGP.5T8.F600,63.7931,40.0,76.78571,64.70588000000001,58.75,24.86938,23.098589999999998,22.13449,56.73076999999999,32.530120000000004,23.65554,31.09204,29.385309999999997,38.75,30.07129,33.05842,32.70792,33.19426,35.449220000000004,39.081540000000004
131178,San Marino,SMR,"Female share of graduates in Information and Communication Technologies programmes, tertiary (%)",UIS.FGP.5T8.F600,63.7931,40.0,76.78571,64.70588000000001,58.75,24.86938,23.098589999999998,22.13449,56.73076999999999,32.530120000000004,23.65554,31.09204,29.385309999999997,38.75,30.07129,33.05842,32.70792,33.19426,35.449220000000004,39.081540000000004
131802,Sao Tome and Principe,STP,"Female share of graduates in Information and Communication Technologies programmes, tertiary (%)",UIS.FGP.5T8.F600,63.7931,40.0,76.78571,64.70588000000001,58.75,24.86938,23.098589999999998,22.13449,56.73076999999999,32.530120000000004,23.65554,31.09204,29.385309999999997,38.75,30.07129,33.05842,32.70792,33.19426,35.449220000000004,39.081540000000004
132426,Saudi Arabia,SAU,"Female share of graduates in Information and Communication Technologies programmes, tertiary (%)",UIS.FGP.5T8.F600,63.7931,40.0,76.78571,64.70588000000001,58.75,13.27095,15.12529,44.0222,50.26938,50.15068,50.18246,63.51129,56.38945,32.1362,30.07129,33.05842,40.22045,43.61184,46.2944,46.01715
133050,Senegal,SEN,"Female share of graduates in Information and Communication Technologies programmes, tertiary (%)",UIS.FGP.5T8.F600,63.7931,40.0,76.78571,64.70588000000001,58.75,13.27095,15.12529,44.0222,50.26938,50.15068,50.18246,63.51129,56.38945,32.1362,30.07129,33.05842,40.22045,43.61184,46.2944,46.01715
133674,Serbia,SRB,"Female share of graduates in Information and Communication Technologies programmes, tertiary (%)",UIS.FGP.5T8.F600,63.7931,40.0,76.78571,64.70588000000001,58.75,13.27095,15.12529,44.0222,41.34078,34.28913,36.87287,31.82927,28.64302,26.431890000000003,30.07129,33.05842,28.052670000000003,27.10608,25.7554,28.55473
134298,Seychelles,SYC,"Female share of graduates in Information and Communication Technologies programmes, tertiary (%)",UIS.FGP.5T8.F600,63.7931,40.0,76.78571,64.70588000000001,58.75,13.27095,15.12529,44.0222,41.34078,34.28913,36.87287,31.82927,0.0,26.431890000000003,30.07129,33.05842,18.75,42.424240000000005,33.33333,21.42857
134922,Sierra Leone,SLE,"Female share of graduates in Information and Communication Technologies programmes, tertiary (%)",UIS.FGP.5T8.F600,63.7931,41.17647,76.78571,64.70588000000001,58.75,13.27095,15.12529,44.0222,41.34078,34.28913,36.87287,31.82927,0.0,26.431890000000003,30.07129,33.05842,18.75,42.424240000000005,33.33333,21.42857
135546,Singapore,SGP,"Female share of graduates in Information and Communication Technologies programmes, tertiary (%)",UIS.FGP.5T8.F600,63.7931,41.17647,76.78571,64.70588000000001,58.75,13.27095,15.12529,44.0222,41.34078,34.28913,36.87287,31.82927,0.0,26.431890000000003,30.07129,33.05842,18.75,33.20769,32.2216,21.42857
136170,Sint Maarten (Dutch part),SXM,"Female share of graduates in Information and Communication Technologies programmes, tertiary (%)",UIS.FGP.5T8.F600,63.7931,41.17647,76.78571,64.70588000000001,58.75,13.27095,15.12529,44.0222,41.34078,34.28913,36.87287,31.82927,0.0,26.431890000000003,30.07129,33.05842,75.0,33.20769,32.2216,21.42857
136794,Slovak Republic,SVK,"Female share of graduates in Information and Communication Technologies programmes, tertiary (%)",UIS.FGP.5T8.F600,14.10917,12.081339999999999,12.09603,12.595419999999999,13.92515,15.81325,13.22379,14.825579999999999,11.29547,12.21508,10.521460000000001,11.71875,11.99654,12.85856,12.43154,15.337110000000001,12.38584,33.20769,12.182139999999999,21.42857
137418,Slovenia,SVN,"Female share of graduates in Information and Communication Technologies programmes, tertiary (%)",UIS.FGP.5T8.F600,8.06452,12.081339999999999,10.66667,8.33333,11.949689999999999,5.98802,11.790389999999999,6.58436,6.940060000000001,9.29487,7.901910000000001,10.15119,7.79661,13.28125,11.95191,14.48809,16.846989999999998,33.20769,14.08451,21.42857
138042,Solomon Islands,SLB,"Female share of graduates in Information and Communication Technologies programmes, tertiary (%)",UIS.FGP.5T8.F600,8.06452,12.081339999999999,10.66667,8.33333,11.949689999999999,5.98802,11.790389999999999,6.58436,6.940060000000001,9.29487,7.901910000000001,10.15119,7.79661,13.28125,11.95191,14.48809,16.846989999999998,33.20769,14.08451,21.42857
138666,Somalia,SOM,"Female share of graduates in Information and Communication Technologies programmes, tertiary (%)",UIS.FGP.5T8.F600,8.06452,12.081339999999999,10.66667,8.33333,11.949689999999999,5.98802,11.790389999999999,6.58436,6.940060000000001,9.29487,7.901910000000001,10.15119,7.79661,13.28125,11.95191,14.48809,16.846989999999998,33.20769,14.08451,21.42857
139290,South Africa,ZAF,"Female share of graduates in Information and Communication Technologies programmes, tertiary (%)",UIS.FGP.5T8.F600,8.06452,12.081339999999999,10.66667,8.33333,11.949689999999999,5.98802,11.790389999999999,6.58436,6.940060000000001,9.29487,7.901910000000001,10.15119,7.79661,13.28125,11.95191,39.69982,39.17759,36.98976,38.42537,21.42857
139914,South Sudan,SSD,"Female share of graduates in Information and Communication Technologies programmes, tertiary (%)",UIS.FGP.5T8.F600,8.06452,12.081339999999999,10.66667,8.33333,11.949689999999999,5.98802,11.790389999999999,6.58436,6.940060000000001,9.29487,7.901910000000001,10.15119,7.79661,13.28125,11.95191,39.69982,39.17759,36.98976,38.42537,21.42857
140538,Spain,ESP,"Female share of graduates in Information and Communication Technologies programmes, tertiary (%)",UIS.FGP.5T8.F600,26.598679999999998,24.27219,24.10959,24.36682,23.53905,22.83923,21.39806,20.695970000000003,19.8558,18.21229,17.37595,16.76599,17.40689,15.60358,15.2031,14.722179999999998,14.46526,14.02435,12.97447,21.42857
141162,Sri Lanka,LKA,"Female share of graduates in Information and Communication Technologies programmes, tertiary (%)",UIS.FGP.5T8.F600,26.598679999999998,24.27219,24.10959,24.36682,23.53905,22.83923,21.39806,20.695970000000003,19.8558,18.21229,17.37595,16.76599,17.40689,15.60358,15.2031,14.722179999999998,43.2338,44.97979,38.89691,37.642990000000005
141786,St. Kitts and Nevis,KNA,"Female share of graduates in Information and Communication Technologies programmes, tertiary (%)",UIS.FGP.5T8.F600,26.598679999999998,24.27219,24.10959,24.36682,23.53905,22.83923,21.39806,20.695970000000003,19.8558,18.21229,17.37595,16.76599,17.40689,15.60358,15.2031,14.722179999999998,43.2338,44.97979,38.89691,37.642990000000005
142410,St. Lucia,LCA,"Female share of graduates in Information and Communication Technologies programmes, tertiary (%)",UIS.FGP.5T8.F600,26.598679999999998,24.27219,24.10959,24.36682,23.53905,22.83923,21.39806,20.695970000000003,19.8558,18.21229,17.37595,16.76599,17.40689,15.60358,15.2031,14.722179999999998,43.2338,44.97979,38.89691,37.642990000000005
143034,St. Martin (French part),MAF,"Female share of graduates in Information and Communication Technologies programmes, tertiary (%)",UIS.FGP.5T8.F600,26.598679999999998,24.27219,24.10959,24.36682,23.53905,22.83923,21.39806,20.695970000000003,19.8558,18.21229,17.37595,16.76599,17.40689,15.60358,15.2031,14.722179999999998,43.2338,44.97979,38.89691,37.642990000000005
143658,St. Vincent and the Grenadines,VCT,"Female share of graduates in Information and Communication Technologies programmes, tertiary (%)",UIS.FGP.5T8.F600,26.598679999999998,24.27219,24.10959,24.36682,23.53905,22.83923,21.39806,20.695970000000003,19.8558,18.21229,17.37595,16.76599,17.40689,15.60358,15.2031,14.722179999999998,43.2338,44.97979,38.89691,37.642990000000005
144282,Sudan,SDN,"Female share of graduates in Information and Communication Technologies programmes, tertiary (%)",UIS.FGP.5T8.F600,26.598679999999998,24.27219,24.10959,24.36682,23.53905,22.83923,21.39806,20.695970000000003,19.8558,18.21229,17.37595,16.76599,17.40689,53.78173,15.2031,14.722179999999998,43.2338,44.97979,38.89691,37.642990000000005
144906,Suriname,SUR,"Female share of graduates in Information and Communication Technologies programmes, tertiary (%)",UIS.FGP.5T8.F600,26.598679999999998,24.27219,24.10959,24.36682,23.53905,22.83923,21.39806,20.695970000000003,19.8558,18.21229,17.37595,16.76599,17.40689,53.78173,15.2031,14.722179999999998,43.2338,44.97979,38.89691,37.642990000000005
145530,Sweden,SWE,"Female share of graduates in Information and Communication Technologies programmes, tertiary (%)",UIS.FGP.5T8.F600,34.2616,44.7456,40.715340000000005,41.905190000000005,40.16288,35.28148,31.98037,28.09654,25.77657,22.790979999999998,21.92982,18.804920000000003,20.20563,26.06405,25.64412,14.722179999999998,27.84627,28.174329999999998,30.23847,37.642990000000005
146154,Switzerland,CHE,"Female share of graduates in Information and Communication Technologies programmes, tertiary (%)",UIS.FGP.5T8.F600,14.17937,16.60527,13.80229,14.16208,11.42857,11.58168,13.7954,11.52263,10.87928,10.626510000000001,12.75,12.33739,9.357380000000001,26.06405,8.246889999999999,10.040980000000001,11.1871,8.86076,9.93166,37.642990000000005
146778,Syrian Arab Republic,SYR,"Female share of graduates in Information and Communication Technologies programmes, tertiary (%)",UIS.FGP.5T8.F600,14.17937,16.60527,13.80229,14.16208,11.42857,11.58168,13.7954,11.52263,10.87928,10.626510000000001,12.75,12.33739,9.357380000000001,26.06405,8.246889999999999,10.040980000000001,11.1871,57.31293,9.93166,37.642990000000005
147402,Tajikistan,TJK,"Female share of graduates in Information and Communication Technologies programmes, tertiary (%)",UIS.FGP.5T8.F600,14.17937,16.60527,13.80229,14.16208,11.42857,11.58168,13.7954,11.52263,10.87928,10.626510000000001,12.75,12.33739,9.357380000000001,26.06405,8.246889999999999,10.040980000000001,11.1871,57.31293,9.93166,37.642990000000005
148026,Tanzania,TZA,"Female share of graduates in Information and Communication Technologies programmes, tertiary (%)",UIS.FGP.5T8.F600,14.17937,16.60527,13.80229,14.16208,11.42857,11.58168,13.7954,11.52263,10.87928,10.626510000000001,12.75,12.33739,9.357380000000001,26.06405,8.246889999999999,10.040980000000001,11.1871,57.31293,9.93166,37.642990000000005
148650,Thailand,THA,"Female share of graduates in Information and Communication Technologies programmes, tertiary (%)",UIS.FGP.5T8.F600,14.17937,16.60527,13.80229,14.16208,11.42857,11.58168,13.7954,11.52263,10.87928,10.626510000000001,12.75,12.33739,9.357380000000001,26.06405,8.246889999999999,10.040980000000001,50.55515,47.85432,9.93166,37.642990000000005
149274,Timor-Leste,TLS,"Female share of graduates in Information and Communication Technologies programmes, tertiary (%)",UIS.FGP.5T8.F600,14.17937,16.60527,13.80229,14.16208,11.42857,11.58168,13.7954,11.52263,10.87928,10.626510000000001,12.75,12.33739,9.357380000000001,26.06405,8.246889999999999,10.040980000000001,50.55515,47.85432,9.93166,37.642990000000005
149898,Togo,TGO,"Female share of graduates in Information and Communication Technologies programmes, tertiary (%)",UIS.FGP.5T8.F600,14.17937,16.60527,13.80229,14.16208,11.42857,11.58168,13.7954,11.52263,10.87928,10.626510000000001,12.75,12.33739,9.357380000000001,26.06405,8.246889999999999,10.040980000000001,50.55515,47.85432,9.93166,37.642990000000005
150522,Tonga,TON,"Female share of graduates in Information and Communication Technologies programmes, tertiary (%)",UIS.FGP.5T8.F600,14.17937,16.60527,13.80229,14.16208,11.42857,11.58168,13.7954,11.52263,10.87928,10.626510000000001,12.75,12.33739,9.357380000000001,26.06405,8.246889999999999,10.040980000000001,50.55515,47.85432,9.93166,37.642990000000005
151146,Trinidad and Tobago,TTO,"Female share of graduates in Information and Communication Technologies programmes, tertiary (%)",UIS.FGP.5T8.F600,14.17937,16.60527,13.80229,14.16208,11.42857,11.58168,13.7954,11.52263,10.87928,10.626510000000001,12.75,12.33739,9.357380000000001,26.06405,8.246889999999999,10.040980000000001,50.55515,47.85432,9.93166,37.642990000000005
151770,Tunisia,TUN,"Female share of graduates in Information and Communication Technologies programmes, tertiary (%)",UIS.FGP.5T8.F600,14.17937,16.60527,13.80229,14.16208,11.42857,11.58168,13.7954,11.52263,10.87928,10.626510000000001,12.75,12.33739,9.357380000000001,46.50835,8.246889999999999,10.040980000000001,54.09676999999999,55.466609999999996,9.93166,55.640609999999995
152394,Turkey,TUR,"Female share of graduates in Information and Communication Technologies programmes, tertiary (%)",UIS.FGP.5T8.F600,26.2926,28.7182,28.0465,30.121779999999998,31.4822,35.96116,38.59467,41.27421,37.94153,35.6183,33.096940000000004,33.15971,33.02768,33.44319,8.246889999999999,34.46043,54.09676999999999,55.466609999999996,9.93166,55.640609999999995
153018,Turkmenistan,TKM,"Female share of graduates in Information and Communication Technologies programmes, tertiary (%)",UIS.FGP.5T8.F600,26.2926,28.7182,28.0465,30.121779999999998,31.4822,35.96116,38.59467,41.27421,37.94153,35.6183,33.096940000000004,33.15971,33.02768,33.44319,8.246889999999999,34.46043,54.09676999999999,55.466609999999996,9.93166,55.640609999999995
153642,Turks and Caicos Islands,TCA,"Female share of graduates in Information and Communication Technologies programmes, tertiary (%)",UIS.FGP.5T8.F600,26.2926,28.7182,28.0465,30.121779999999998,31.4822,35.96116,38.59467,41.27421,37.94153,35.6183,33.096940000000004,33.15971,33.02768,33.44319,8.246889999999999,34.46043,54.09676999999999,55.466609999999996,9.93166,55.640609999999995
154266,Tuvalu,TUV,"Female share of graduates in Information and Communication Technologies programmes, tertiary (%)",UIS.FGP.5T8.F600,26.2926,28.7182,28.0465,30.121779999999998,31.4822,35.96116,38.59467,41.27421,37.94153,35.6183,33.096940000000004,33.15971,33.02768,33.44319,8.246889999999999,34.46043,54.09676999999999,55.466609999999996,9.93166,55.640609999999995
154890,Uganda,UGA,"Female share of graduates in Information and Communication Technologies programmes, tertiary (%)",UIS.FGP.5T8.F600,16.66667,16.66667,28.0465,30.121779999999998,31.4822,30.09709,38.59467,41.27421,37.94153,35.6183,33.096940000000004,33.15971,33.02768,33.44319,8.246889999999999,34.46043,54.09676999999999,55.466609999999996,9.93166,55.640609999999995
155514,Ukraine,UKR,"Female share of graduates in Information and Communication Technologies programmes, tertiary (%)",UIS.FGP.5T8.F600,16.66667,16.66667,28.0465,30.121779999999998,31.4822,30.09709,38.59467,41.27421,37.94153,35.6183,33.096940000000004,33.15971,33.02768,24.138189999999998,8.246889999999999,34.46043,20.77291,19.96523,19.310670000000002,17.463420000000003
156138,United Arab Emirates,ARE,"Female share of graduates in Information and Communication Technologies programmes, tertiary (%)",UIS.FGP.5T8.F600,16.66667,16.66667,28.0465,30.121779999999998,31.4822,30.09709,38.59467,41.27421,37.94153,35.6183,33.096940000000004,33.15971,53.64742,61.142630000000004,8.246889999999999,34.46043,50.55762,57.7823,55.390840000000004,17.463420000000003
156762,United Kingdom,GBR,"Female share of graduates in Information and Communication Technologies programmes, tertiary (%)",UIS.FGP.5T8.F600,27.2814,24.60701,25.44204,25.7524,25.30157,24.56532,23.48511,22.03594,20.67543,20.684820000000002,19.39414,18.66546,18.74867,18.79531,19.24576,18.80898,19.27337,19.38466,55.390840000000004,17.463420000000003
157386,United States,USA,"Female share of graduates in Information and Communication Technologies programmes, tertiary (%)",UIS.FGP.5T8.F600,27.2814,24.60701,25.44204,25.7524,25.30157,24.56532,25.58847,22.03594,20.67543,20.684820000000002,19.39414,22.10311,21.63908,21.264689999999998,20.931910000000002,21.005020000000002,22.86417,23.60926,55.390840000000004,17.463420000000003
158010,Uruguay,URY,"Female share of graduates in Information and Communication Technologies programmes, tertiary (%)",UIS.FGP.5T8.F600,27.2814,24.60701,25.44204,25.7524,25.30157,24.56532,25.58847,22.03594,26.976740000000003,26.8595,25.76923,23.2,21.63908,21.264689999999998,20.931910000000002,21.005020000000002,22.86417,23.60926,17.657989999999998,17.463420000000003
158634,Uzbekistan,UZB,"Female share of graduates in Information and Communication Technologies programmes, tertiary (%)",UIS.FGP.5T8.F600,27.2814,24.60701,25.44204,25.7524,25.30157,24.56532,25.58847,22.03594,26.976740000000003,26.8595,25.76923,23.2,21.63908,21.264689999999998,20.931910000000002,21.005020000000002,22.86417,23.60926,17.657989999999998,17.83377
159258,Vanuatu,VUT,"Female share of graduates in Information and Communication Technologies programmes, tertiary (%)",UIS.FGP.5T8.F600,27.2814,24.60701,25.44204,25.7524,25.30157,24.56532,25.58847,22.03594,26.976740000000003,26.8595,25.76923,23.2,21.63908,21.264689999999998,20.931910000000002,21.005020000000002,22.86417,23.60926,17.657989999999998,17.83377
159882,"Venezuela, RB",VEN,"Female share of graduates in Information and Communication Technologies programmes, tertiary (%)",UIS.FGP.5T8.F600,27.2814,53.54308,25.44204,25.7524,25.30157,24.56532,25.58847,22.03594,26.976740000000003,26.8595,25.76923,23.2,21.63908,21.264689999999998,20.931910000000002,21.005020000000002,22.86417,23.60926,17.657989999999998,17.83377
160506,Vietnam,VNM,"Female share of graduates in Information and Communication Technologies programmes, tertiary (%)",UIS.FGP.5T8.F600,27.2814,53.54308,25.44204,25.7524,25.30157,24.56532,25.58847,22.03594,26.976740000000003,26.8595,25.76923,23.2,21.63908,21.264689999999998,20.931910000000002,21.005020000000002,48.221540000000005,26.43116,17.657989999999998,17.83377
161130,Virgin Islands (U.S.),VIR,"Female share of graduates in Information and Communication Technologies programmes, tertiary (%)",UIS.FGP.5T8.F600,27.2814,53.54308,25.44204,25.7524,25.30157,24.56532,25.58847,22.03594,42.85714,26.8595,25.76923,23.2,21.63908,21.264689999999998,20.931910000000002,21.005020000000002,48.221540000000005,26.43116,17.657989999999998,17.83377
161754,West Bank and Gaza,PSE,"Female share of graduates in Information and Communication Technologies programmes, tertiary (%)",UIS.FGP.5T8.F600,47.55556,52.28519,52.67974,25.7524,46.790890000000005,53.71179,25.58847,22.03594,37.6,41.46195,43.39414,46.62857,45.95032,48.275859999999994,20.931910000000002,21.005020000000002,49.196909999999995,49.952059999999996,48.29083,45.60738
162378,"Yemen, Rep.",YEM,"Female share of graduates in Information and Communication Technologies programmes, tertiary (%)",UIS.FGP.5T8.F600,47.55556,52.28519,52.67974,25.7524,46.790890000000005,53.71179,25.58847,22.03594,37.6,41.46195,43.39414,46.62857,45.95032,48.275859999999994,20.931910000000002,21.005020000000002,49.196909999999995,49.952059999999996,48.29083,45.60738
163002,Zambia,ZMB,"Female share of graduates in Information and Communication Technologies programmes, tertiary (%)",UIS.FGP.5T8.F600,47.55556,52.28519,52.67974,25.7524,46.790890000000005,53.71179,25.58847,22.03594,37.6,41.46195,43.39414,46.62857,45.95032,48.275859999999994,20.931910000000002,21.005020000000002,49.196909999999995,49.952059999999996,48.29083,45.60738
163626,Zimbabwe,ZWE,"Female share of graduates in Information and Communication Technologies programmes, tertiary (%)",UIS.FGP.5T8.F600,47.55556,52.28519,52.67974,25.7524,46.790890000000005,53.71179,25.58847,22.03594,37.6,41.46195,43.39414,47.12154,33.3589,31.925929999999997,20.931910000000002,21.005020000000002,46.11547,49.952059999999996,48.29083,45.60738
